time,latitude,longitude,depth,mag,magType,nst,gap,dmin,rms,net,id,updated,place,type,horizontalError,depthError,magError,magNst,status,locationSource,magSource
2023-04-23T16:27:53.084Z,30.3602,70.907,39.643,4.8,mb,16,163,4.456,0.56,us,us6000k6kk,2023-04-24T11:22:14.717Z,"13 km SSW of Kot Addu, Pakistan",earthquake,15.53,10.959,0.109,26,reviewed,us,us
2022-11-06T03:03:03.944Z,30.7102,78.5669,22.322,4.6,mb,53,100,5.364,0.75,us,us7000imtm,2023-01-21T19:27:09.040Z,"Uttaranchal, India",earthquake,8.67,1.881,0.098,31,reviewed,us,us
2022-10-18T12:09:45.297Z,32.3641,78.6637,10,4.5,mb,77,88,4.711,0.61,us,us6000iuid,2022-12-31T23:03:38.040Z,"125 km NE of Sar?han, India",earthquake,7.79,1.842,0.077,50,reviewed,us,us
2022-09-07T08:09:13.956Z,34.5449,70.7074,10,4.6,mb,61,55,1.374,1.1,us,us7000i5yc,2022-11-15T19:06:13.040Z,"26 km ENE of Jal?l?b?d, Afghanistan",earthquake,6.36,1.813,0.059,86,reviewed,us,us
2022-09-05T11:57:01.033Z,34.5991,70.5807,10,4.6,mb,60,143,1.27,0.43,us,us7000i5cw,2022-11-15T19:06:08.040Z,"22 km NNE of Jal?l?b?d, Afghanistan",earthquake,6.1,1.866,0.066,69,reviewed,us,us
2022-09-04T21:57:35.743Z,34.6636,70.7117,10,5.1,mww,123,42,1.382,0.49,us,us7000i57m,2022-11-15T19:06:06.040Z,"35 km NE of Jal?l?b?d, Afghanistan",earthquake,4.41,1.713,0.098,10,reviewed,us,us
2022-08-31T12:36:44.583Z,28.9851,66.3703,9.664,4.6,mb,65,102,5.988,0.68,us,us7000i3zb,2022-11-06T04:36:57.040Z,"22 km WSW of Kalat, Pakistan",earthquake,8.78,4.375,0.083,44,reviewed,us,us
2022-08-22T13:53:55.885Z,33.0822,69.508,35.13,4.6,mb,82,56,1.505,0.45,us,us6000icrr,2022-11-01T15:12:50.040Z,"47 km SW of Kh?st, Afghanistan",earthquake,7.25,3.662,0.056,97,reviewed,us,us
2022-07-31T13:52:17.244Z,25.1097,63.4765,16.727,5.1,mb,74,44,6.599,0.51,us,us6000i6z0,2022-10-12T14:49:13.040Z,"17 km S of Pasni, Pakistan",earthquake,6.67,4.116,0.043,184,reviewed,us,us
2022-07-31T13:42:15.318Z,25.1448,63.5694,27.11,5.6,mww,108,44,6.683,0.62,us,us6000i6yz,2022-10-12T14:49:13.040Z,"16 km SE of Pasni, Pakistan",earthquake,8.75,4.173,0.06,27,reviewed,us,us
2022-07-18T12:22:44.372Z,33.0608,69.4864,10,5.2,mww,113,67,1.522,0.54,us,us6000i3el,2022-09-27T16:56:59.040Z,"50 km SW of Kh?st, Afghanistan",earthquake,7.12,1.854,0.093,11,reviewed,us,us
2022-07-16T11:27:35.315Z,34.5144,69.6798,35.746,4.7,mb,94,95,0.526,0.47,us,us6000i30w,2022-09-27T16:56:53.040Z,"37 km S of Tag?b, Afghanistan",earthquake,7.51,7.036,0.052,112,reviewed,us,us
2022-07-15T22:22:12.994Z,29.0575,69.5091,10,4.6,mb,111,56,5.481,0.69,us,us6000i2w3,2022-09-24T21:25:31.040Z,"34 km E of Dera Bugti, Pakistan",earthquake,9.88,1.837,0.052,109,reviewed,us,us
2022-06-21T21:50:24.948Z,32.9999,69.5099,10,4.5,mb,91,46,1.585,0.65,us,us7000hj4i,2022-08-28T03:19:52.040Z,"52 km W of Miran Shah, Pakistan",earthquake,7.9,1.8,0.065,68,reviewed,us,us
2022-06-21T20:54:34.410Z,33.0203,69.4639,4,6,mww,206,15,1.557,0.83,us,us7000hj3u,2023-02-01T23:54:11.900Z,"55 km SW of Kh?st, Afghanistan",earthquake,6.65,1.667,0.098,10,reviewed,us,us
2022-05-13T02:16:42.668Z,32.7165,76.2415,10,4.6,mb,19,169,2.661,0.8,us,us6000hmcp,2022-07-22T18:31:00.040Z,"20 km NNE of Chamba, India",earthquake,8.2,2,0.173,11,reviewed,us,us
2022-05-06T06:21:18.625Z,26.9552,66.2726,10,5.1,mww,153,77,7.927,0.68,us,us7000h7gi,2022-08-09T06:38:31.083Z,"80 km N of Bela, Pakistan",earthquake,8.2,1.8,0.086,13,reviewed,us,us
2022-05-06T00:48:02.830Z,28.4676,64.35,10,5.1,mb,98,103,8.084,0.85,us,us7000h7er,2022-07-09T21:40:05.040Z,"46 km S of Dalbandin, Pakistan",earthquake,9.5,1.8,0.042,183,reviewed,us,us
2022-04-11T01:41:41.895Z,33.2832,70.5607,41.19,4.8,mb,,70,1.779,0.8,us,us7000h16s,2022-06-20T22:07:46.040Z,"22 km SW of Doaba, Pakistan",earthquake,4.2,5,0.048,131,reviewed,us,us
2022-01-17T11:40:06.817Z,34.9289,63.6208,11.4,5.3,mww,,43,4.482,0.54,us,us7000gclu,2022-04-01T17:40:14.040Z,"45 km E of Qala i Naw, Afghanistan",earthquake,7.2,4.1,0.083,14,reviewed,us,us
2022-01-17T09:35:57.301Z,34.9362,63.6666,10,4.9,mb,,57,4.444,0.94,us,us7000gcle,2022-04-01T17:40:14.040Z,"49 km E of Qala i Naw, Afghanistan",earthquake,7.9,1.8,0.054,109,reviewed,us,us
2022-01-11T21:21:56.484Z,25.4644,62.4473,10,4.7,mb,,122,5.678,0.61,us,us7000gb39,2022-03-19T22:07:48.040Z,"39 km NNE of Gwadar, Pakistan",earthquake,9.4,1.7,0.069,64,reviewed,us,us
2021-12-25T06:39:01.552Z,30.314,67.4107,10,4.7,mb,,96,4.434,0.74,us,us6000gf61,2022-08-06T16:33:14.573Z,"22 km SSW of Alik Ghund, Pakistan",earthquake,7.5,1.9,0.097,32,reviewed,us,us
2021-12-24T17:58:56.965Z,34.6134,73.1273,28.13,4.5,mb,,49,0.967,0.98,us,us6000gf2y,2022-03-05T23:10:37.040Z,"11 km SE of Battagram, Pakistan",earthquake,5,5.2,0.088,44,reviewed,us,us
2021-11-13T21:42:04.636Z,32.202,68.7997,10,4.7,mb,,50,2.341,0.47,us,us7000ftwp,2022-01-22T20:51:49.040Z,"73 km W of Wana, Pakistan",earthquake,7.8,1.8,0.057,93,reviewed,us,us
2021-11-09T10:57:27.886Z,31.9939,78.5517,10,4.6,mb,,84,4.744,0.41,us,us7000fsnw,2022-01-15T20:51:42.040Z,"89 km NE of Sar?han, India",earthquake,6.7,1.8,0.066,69,reviewed,us,us
2021-10-26T00:32:08.893Z,33.2123,76.8049,10,4.6,mb,,53,2.989,0.77,us,us6000fxih,2022-01-08T17:42:34.040Z,"29 km SSW of Padam, India",earthquake,7.4,1.9,0.058,89,reviewed,us,us
2021-10-10T15:02:41.360Z,30.0547,67.9369,10,4.5,mb,,124,4.57,0.62,us,us6000ftip,2021-12-18T19:58:47.040Z,"5 km S of Harnai, Pakistan",earthquake,10,1.9,0.105,30,reviewed,us,us
2021-10-07T00:00:57.061Z,30.0779,68.0339,10,4.6,mb,,100,4.531,0.59,us,us6000fshe,2021-12-10T21:14:16.040Z,"9 km ESE of Harnai, Pakistan",earthquake,8.8,1.9,0.076,52,reviewed,us,us
2021-10-06T22:01:08.867Z,30.1933,67.9948,9,5.9,mww,,17,4.424,0.52,us,us6000fsg9,2021-12-21T13:03:01.220Z,"11 km NNE of Harnai, Pakistan",earthquake,8.4,1.7,0.098,10,reviewed,us,us
2021-09-17T19:12:03.060Z,30.1325,69.282,30.71,4.7,mb,,88,4.4,0.53,us,us7000fc7z,2021-12-03T15:01:26.040Z,"26 km N of Kohlu, Pakistan",earthquake,7.9,3.8,0.048,135,reviewed,us,us
2021-09-14T10:40:08.838Z,33.2902,72.1846,32.06,4.7,mb,,113,0.974,0.52,us,us7000fb0c,2021-11-23T15:11:53.040Z,"9 km NW of Pindi Gheb, Pakistan",earthquake,7.3,5.9,0.058,92,reviewed,us,us
2021-08-28T22:36:04.517Z,30.1983,69.7587,10,4.8,mb,,48,4.372,0.66,us,us7000f5bl,2021-11-06T20:28:53.040Z,"40 km NE of Barkhan, Pakistan",earthquake,7.4,1.8,0.063,78,reviewed,us,us
2021-08-24T16:48:13.463Z,32.0551,78.7955,10,4.7,mb,,46,4.915,0.58,us,us7000f3a5,2021-11-02T14:54:59.040Z,"112 km ENE of Sar?han, India",earthquake,8.9,1.8,0.067,72,reviewed,us,us
2021-08-23T13:28:54.434Z,34.491,61.7066,10.13,4.5,mb,,89,6.057,0.64,us,us7000f739,2021-11-02T14:56:16.040Z,"16 km NNW of Zindah J?n, Afghanistan",earthquake,8.5,4.6,0.116,22,reviewed,us,us
2021-07-31T18:32:35.052Z,29.2414,69.5135,19.48,4.5,mb,,97,5.298,0.74,us,us6000f11c,2021-10-14T01:04:28.040Z,"41 km ENE of Dera Bugti, Pakistan",earthquake,9.6,2.7,0.082,49,reviewed,us,us
2021-07-22T02:12:24.995Z,30.06,70.3286,10,4.5,mb,,97,4.598,0.6,us,us6000exuh,2021-09-25T21:08:31.040Z,"30 km W of Dera Ghazi Khan, Pakistan",earthquake,10,1.9,0.088,38,reviewed,us,us
2021-07-20T23:54:26.196Z,29.3258,70.0487,10,5.2,mww,,39,8.336,0.66,us,us6000exhl,2021-09-25T21:08:23.040Z,"36 km NW of Rajanpur, Pakistan",earthquake,8.7,1.8,0.069,20,reviewed,us,us
2021-06-28T00:40:35.259Z,34.2781,78.2208,10,4.8,mb,,78,6.763,0.97,us,us6000eqdp,2021-09-09T22:05:30.040Z,"60 km ENE of Leh, India",earthquake,7.7,1.9,0.052,115,reviewed,us,us
2021-06-24T23:04:44.289Z,34.9509,69.0848,16.2,5.1,mww,,49,0.41,1.08,us,us6000epir,2021-10-13T15:32:08.163Z,"10 km SW of Charikar, Afghanistan",earthquake,6.2,4,0.098,10,reviewed,us,us
2021-06-23T01:09:13.906Z,33.5317,71.5687,33.21,4.7,mb,,96,1.423,0.58,us,us7000efcx,2022-08-09T05:40:01.274Z,"12 km ESE of Kohat, Pakistan",earthquake,4.7,4.8,0.057,93,reviewed,us,us
2021-06-19T13:59:17.264Z,32.1089,69.8552,51.42,4.5,mb,,96,2.518,0.77,us,us7000eeew,2021-08-27T18:57:36.040Z,"33 km SE of Wana, Pakistan",earthquake,7.8,7,0.061,78,reviewed,us,us
2021-06-17T14:19:36.145Z,34.7242,73.2047,10,5,mb,,42,1.072,0.84,us,us7000edut,2021-08-26T21:59:30.040Z,"17 km ENE of Battagram, Pakistan",earthquake,6.6,1.8,0.058,93,reviewed,us,us
2021-06-09T11:35:23.904Z,31.7774,69.7581,28.11,4.5,mb,,99,2.82,0.81,us,us7000ebf8,2021-08-24T21:34:03.040Z,"56 km NNE of Zhob, Pakistan",earthquake,8,5.1,0.102,28,reviewed,us,us
2021-05-28T03:58:07.378Z,27.9368,66.4794,10,4.8,mb,,54,6.939,0.78,us,us6000efc9,2021-08-07T22:05:37.040Z,"18 km NW of Khuzdar, Pakistan",earthquake,8.7,1.9,0.048,132,reviewed,us,us
2021-05-27T08:54:33.708Z,30.0738,66.2502,10,4.7,mb,,96,5.042,0.71,us,us6000ef0w,2021-07-31T22:10:13.040Z,"61 km NNE of Nushki, Pakistan",earthquake,8.9,1.9,0.074,56,reviewed,us,us
2021-05-19T09:19:13.065Z,34.776,69.5705,14.82,4.6,mb,,55,0.494,0.7,us,us7000e4d1,2021-07-24T21:08:13.040Z,"11 km SW of Tag?b, Afghanistan",earthquake,5.4,4.1,0.065,71,reviewed,us,us
2021-04-15T22:26:24.010Z,32.4789,78.7499,10,4.6,mb,,51,4.748,0.79,us,us6000e1yd,2022-08-09T04:37:07.387Z,"140 km NE of Sar?han, India",earthquake,7.7,1.8,0.051,117,reviewed,us,us
2021-02-03T14:29:49.946Z,34.26,78.2819,10,4.5,mb,,82,4.21,0.6,us,us6000de6k,2021-04-16T19:03:14.040Z,"65 km E of Leh, India",earthquake,7.4,1.8,0.076,52,reviewed,us,us
2021-01-11T14:02:03.048Z,33.3042,75.5872,10,5.1,mb,,66,1.968,0.47,us,us6000d7f5,2021-03-20T21:24:09.040Z,"16 km W of Kishtw?r, India",earthquake,6.2,1.5,0.051,127,reviewed,us,us
2021-01-09T14:51:50.407Z,32.521,76.6552,22.64,4.5,mb,,152,3.058,0.72,us,us6000d71u,2021-03-20T21:23:19.040Z,"35 km W of Kyelang, India",earthquake,10,6.7,0.096,32,reviewed,us,us
2020-12-30T05:33:43.546Z,34.741,72.9466,10,5,mb,,42,1.119,1.18,us,us6000d49f,2021-03-06T23:20:35.040Z,"7 km NNW of Shingli Bala, Pakistan",earthquake,6.4,1.8,0.071,63,reviewed,us,us
2020-11-14T02:56:55.620Z,30.3659,67.435,12.04,5.5,mww,,41,4.379,0.96,us,us7000cet5,2022-03-10T05:47:38.086Z,"16 km SSW of Alik Ghund, Pakistan",earthquake,8.5,3.5,0.08,15,reviewed,us,us
2020-11-06T22:59:17.399Z,33.5339,75.7388,10,4.6,mb,,57,2.065,0.9,us,us7000cbmi,2021-01-23T22:25:32.040Z,"24 km N of Kishtw?r, India",earthquake,4.3,1.8,0.108,26,reviewed,us,us
2020-11-02T01:17:08.625Z,25.0887,66.5704,10,4.5,mb,,156,9.403,1.25,us,us7000c946,2021-01-18T23:01:59.040Z,"16 km WSW of Gadani, Pakistan",earthquake,10,1.9,0.081,44,reviewed,us,us
2020-10-31T16:59:40.590Z,34.1948,78.1585,10,4.5,mb,,129,4.101,1.05,us,us7000c8na,2021-01-18T23:01:53.040Z,"53 km E of Leh, India",earthquake,7,1.9,0.113,23,reviewed,us,us
2020-09-28T05:12:34.992Z,33.229,75.8586,10,4.6,mb,,80,2.206,0.71,us,us6000c222,2022-08-09T00:36:55.725Z,"12 km SE of Kishtw?r, India",earthquake,6.4,1.6,0.093,35,reviewed,us,us
2020-09-27T18:17:54.551Z,26.1433,66.2516,10,4.6,mb,,121,8.709,1.29,us,us6000c1ys,2020-12-05T21:03:02.040Z,"11 km SSW of Bela, Pakistan",earthquake,9.7,1.9,0.095,33,reviewed,us,us
2020-09-27T17:27:42.182Z,34.1448,78.1519,10,5,mww,,98,4.091,1.35,us,us6000c1yn,2020-12-05T21:03:02.040Z,"52 km E of Leh, India",earthquake,7.2,1.9,0.093,11,reviewed,us,us
2020-09-26T06:32:00.651Z,34.7214,74.4055,10,4.6,mb,,74,1.424,0.74,us,us6000c1ja,2022-08-09T00:33:15.577Z,"40 km NNW of Bandipura, India",earthquake,6.3,1.9,0.087,44,reviewed,us,us
2020-09-25T10:57:13.221Z,34.2487,78.2058,10,5.3,mww,,38,4.146,0.61,us,us6000c13w,2020-12-05T21:02:58.040Z,"58 km E of Leh, India",earthquake,6.4,1.8,0.073,18,reviewed,us,us
2020-09-17T16:42:36.178Z,29.7909,68.311,24.34,4.8,mb,,49,4.776,0.6,us,us7000bphd,2020-11-28T21:31:48.040Z,"47 km SSW of Duki, Pakistan",earthquake,8.6,5.4,0.054,111,reviewed,us,us
2020-08-28T07:58:49.503Z,33.2812,72.6123,10,4.5,mb,,81,0.66,0.69,us,us7000be7y,2020-11-07T18:48:31.040Z,"32 km E of Pindi Gheb, Pakistan",earthquake,6.5,1.9,0.099,30,reviewed,us,us
2020-08-12T22:40:45.802Z,28.0443,65.9578,13.98,5.6,mww,,37,6.993,0.74,us,us6000bdq8,2022-03-10T05:33:11.668Z,"57 km SSW of Surab, Pakistan",earthquake,7.1,2.1,0.083,14,reviewed,us,us
2020-07-07T20:42:19.337Z,33.042,73.6132,10,4.5,mb,,132,0.672,0.92,us,us7000ajnr,2020-09-11T22:14:27.040Z,"16 km NW of Jhelum, Pakistan",earthquake,5.8,1.9,0.087,45,reviewed,us,us
2020-07-02T07:40:37.191Z,32.998,75.9509,10,4.6,mb,,145,2.338,0.82,us,us7000ak4u,2020-09-11T22:13:52.040Z,"21 km E of Bhadarw?h, India",earthquake,10.2,1.9,0.122,20,reviewed,us,us
2020-06-30T18:02:28.856Z,33.1193,75.8744,43.89,4.7,mb,,30,5.588,0.98,us,us7000afay,2020-12-17T18:28:05.658Z,"21 km NE of Bhadarw?h, India",earthquake,7.1,6.3,0.043,172,reviewed,us,us
2020-06-17T06:58:17.560Z,25.0244,63.2549,10,4.6,mb,,97,6.398,0.9,us,us6000adbh,2020-08-30T00:00:40.040Z,"34 km SW of Pasni, Pakistan",earthquake,7.6,1.9,0.069,63,reviewed,us,us
2020-05-29T22:54:05.067Z,25.0038,64.3475,10,4.6,mb,,137,7.389,0.72,us,us6000a298,2020-08-15T20:19:50.040Z,"37 km SW of Ormara, Pakistan",earthquake,8.6,1.9,0.048,130,reviewed,us,us
2020-05-24T22:30:51.478Z,34.2803,70.1664,28.53,4.5,mb,,86,0.964,0.82,us,us70009ppe,2020-08-08T18:17:56.040Z,"30 km WSW of Jal?l?b?d, Afghanistan",earthquake,3.9,5.1,0.111,24,reviewed,us,us
2020-05-15T12:52:45.818Z,25.9932,62.2797,10,4.7,mb,,166,5.589,0.64,us,us70009gmw,2020-08-02T00:31:34.040Z,"76 km W of Turbat, Pakistan",earthquake,10.1,1.9,0.08,47,reviewed,us,us
2020-03-27T11:46:58.989Z,32.697,76.144,10,4.5,mb,,114,2.592,0.75,us,us70008h7l,2020-06-13T18:44:49.040Z,"15 km N of Chamba, India",earthquake,3.7,1.9,0.083,42,reviewed,us,us
2020-03-05T19:59:21.536Z,27.7651,66.078,28.45,4.6,mb,,97,7.216,0.9,us,us60008aiz,2020-05-23T22:03:06.040Z,"52 km W of Khuzdar, Pakistan",earthquake,9.1,5.6,0.06,82,reviewed,us,us
2020-02-26T15:04:08.953Z,32.9752,76.2474,10,5,mb,,37,2.583,0.85,us,us600084lt,2020-05-19T22:13:57.040Z,"47 km NNE of Chamba, India",earthquake,4.7,1.7,0.041,189,reviewed,us,us
2020-01-18T16:38:10.363Z,26.2392,66.4387,10,4.8,mb,,227,8.573,0.93,us,us60007a4g,2020-04-08T19:39:36.040Z,"12 km E of Bela, Pakistan",earthquake,6.5,2,0.101,30,reviewed,us,us
2020-01-04T08:24:38.167Z,25.499,63.1389,10,4.9,mb,,97,6.304,0.68,us,us70006ulm,2020-03-21T17:13:35.040Z,"southwestern Pakistan",earthquake,10,1.9,0.079,51,reviewed,us,us
2019-12-18T14:09:17.268Z,33.5899,71.63,46.36,4.5,mb,,91,1.368,0.69,us,us60006t6q,2021-06-23T01:28:30.664Z,"16 km E of Kohat, Pakistan",earthquake,6.2,6.3,0.081,52,reviewed,us,us
2019-12-07T15:32:21.243Z,26.9076,67.1918,34.3,4.5,mb,,162,7.773,1.04,us,us60006nl1,2020-02-29T19:53:00.040Z,"Pakistan",earthquake,10.6,6.2,0.118,21,reviewed,us,us
2019-12-04T04:15:10.728Z,24.9861,62.9434,10,4.5,mb,,149,6.116,0.71,us,us60006lv0,2020-02-29T19:52:56.040Z,"61 km WSW of Pasni, Pakistan",earthquake,10.5,1.9,0.074,53,reviewed,us,us
2019-10-18T10:32:54.487Z,32.9796,73.5759,42.77,4.7,mb,,120,0.717,0.94,us,us70005vdm,2020-01-03T16:09:29.040Z,"15 km WNW of Jhelum, Pakistan",earthquake,8.5,6.5,0.097,32,reviewed,us,us
2019-09-26T07:01:25.768Z,33.0481,73.6318,10,4.7,mb,,101,0.673,1.12,us,us70005lie,2020-07-10T17:48:39.521Z,"15 km NW of Jhelum, Pakistan",earthquake,7.6,1.9,0.138,16,reviewed,us,us
2019-09-24T11:01:54.990Z,33.0779,73.7936,10,5.4,mww,,21,0.72,0.87,us,us60005mqp,2020-10-18T20:27:25.449Z,"8 km SSE of New Mirpur, Pakistan",earthquake,5.1,1.7,0.11,8,reviewed,us,us
2019-09-09T06:40:33.517Z,32.9804,76.181,43.93,4.9,mb,,61,2.528,0.6,us,us70005dl7,2019-11-30T19:36:37.040Z,"43 km E of Bhadarw?h, India",earthquake,8,6.7,0.042,177,reviewed,us,us
2019-09-08T02:34:32.435Z,33.0736,76.1758,10,4.8,mb,,107,2.5,0.74,us,us70005dbm,2019-11-30T19:36:50.040Z,"44 km ENE of Bhadarw?h, India",earthquake,4.3,1.8,0.066,70,reviewed,us,us
2019-08-12T13:36:58.537Z,25.5523,67.8239,10,4.5,mb,,120,8.69,0.86,us,us60005403,2020-08-26T19:53:35.891Z,"52 km WNW of Kotri, Pakistan",earthquake,7.2,1.9,0.106,26,reviewed,us,us
2019-07-24T19:21:27.674Z,32.32,66.6175,12.92,4.5,mb,,119,3.003,1.07,us,us60004v0t,2019-10-11T20:12:27.040Z,"36 km NW of Qal?t, Afghanistan",earthquake,8.8,4.5,0.073,55,reviewed,us,us
2019-06-16T12:39:10.169Z,34.6122,72.2752,31.11,4.6,mb,,84,1.264,0.99,us,us600041e0,2019-09-06T14:25:14.040Z,"20 km SSW of Mingora, Pakistan",earthquake,6.5,4.5,0.082,44,reviewed,us,us
2019-06-12T03:10:24.900Z,34.6813,72.8572,12.9,5.2,mb,,67,1.083,0.65,us,us70003ydx,2019-09-06T14:25:34.040Z,"11 km W of Shingli Bala, Pakistan",earthquake,6.5,3.7,0.038,230,reviewed,us,us
2019-06-05T06:37:53.594Z,27.7545,65.8092,26.28,4.7,mb,,93,7.283,0.83,us,us70003vnk,2019-08-27T17:47:34.040Z,"79 km W of Khuzdar, Pakistan",earthquake,8.1,5,0.052,115,reviewed,us,us
2019-04-05T02:20:18.063Z,30.7239,70.2978,10,4.5,mb,,117,3.854,0.98,us,us2000kakr,2019-06-18T15:50:23.040Z,"33 km W of Taunsa, Pakistan",earthquake,9.7,1.9,0.097,31,reviewed,us,us
2019-03-25T11:25:26.220Z,30.9605,70.0381,10,4.8,mb,,102,3.667,0.86,us,us1000jl8e,2019-06-06T18:54:26.040Z,"65 km WNW of Taunsa, Pakistan",earthquake,7.3,1.8,0.055,103,reviewed,us,us
2019-03-20T20:52:03.563Z,31.0122,70.0655,10,4.6,mb,,133,3.622,0.75,us,us1000jjhp,2019-06-06T18:54:08.040Z,"65 km WNW of Taunsa, Pakistan",earthquake,9.7,1.9,0.067,66,reviewed,us,us
2019-03-16T06:00:04.750Z,29.7206,67.4271,10,5,mb,,93,4.997,0.58,us,us1000jgz1,2019-06-01T21:24:17.040Z,"18 km SSE of Mach, Pakistan",earthquake,7.9,1.7,0.054,110,reviewed,us,us
2019-03-03T06:33:21.670Z,28.8375,67.389,16.68,4.5,mb,,83,5.858,0.57,us,us1000ja2b,2019-05-14T18:36:18.040Z,"48 km WSW of Bhag, Pakistan",earthquake,6.9,4.2,0.074,53,reviewed,us,us
2019-02-17T22:53:30.280Z,33.4367,76.7294,23.88,4.5,mb,,83,2.898,0.74,us,us2000jjcb,2019-05-01T22:01:00.040Z,"14 km WSW of Padam, India",earthquake,7.9,5.9,0.1,29,reviewed,us,us
2019-01-10T02:52:04.640Z,34.3645,78.2373,34.51,4.6,mb,,86,4.188,0.65,us,us2000j2bz,2019-04-02T20:51:50.040Z,"64 km ENE of Leh, India",earthquake,8.2,5.1,0.114,23,reviewed,us,us
2018-12-22T07:44:45.450Z,27.2621,65.6557,10,4.6,mb,,118,7.515,0.75,us,us2000iw8f,2019-02-23T20:22:25.040Z,"112 km WSW of Khuzdar, Pakistan",earthquake,9.1,1.9,0.077,50,reviewed,us,us
2018-12-17T07:12:39.170Z,29.9821,67.6466,10,4.7,mb,,60,4.696,0.84,us,us2000iud2,2022-08-08T10:48:30.370Z,"31 km WSW of Harnai, Pakistan",earthquake,4,1.9,0.069,70,reviewed,us,us
2018-12-12T18:41:22.270Z,30.0498,69.8699,10,4.7,mb,,98,4.532,0.41,us,us2000iszs,2019-02-16T22:29:06.040Z,"37 km ENE of Barkhan, Pakistan",earthquake,8.4,1.9,0.089,38,reviewed,us,us
2018-11-11T19:26:37.120Z,27.4077,65.6693,26.86,4.5,mb,,100,7.552,1.01,us,us1000hqmh,2019-01-21T16:42:59.040Z,"103 km WSW of Khuzdar, Pakistan",earthquake,8.6,4.8,0.096,32,reviewed,us,us
2018-10-29T14:56:47.190Z,34.3492,78.1903,10,4.5,mb,,135,4.147,0.63,us,us2000i61m,2019-01-21T14:29:38.040Z,"59 km ENE of Leh, India",earthquake,8.7,1.9,0.15,16,reviewed,us,us
2018-10-29T14:43:35.790Z,34.2342,78.1243,10,4.9,mww,,42,4.078,0.77,us,us1000hij3,2022-05-03T20:01:12.652Z,"50 km E of Leh, India",earthquake,6.6,1.7,0.083,14,reviewed,us,us
2018-10-29T06:27:55.360Z,34.2929,78.0838,10,4.6,mb,,117,4.052,0.74,us,us1000hie4,2019-01-21T14:29:37.040Z,"48 km ENE of Leh, India",earthquake,7.8,1.9,0.129,18,reviewed,us,us
2018-09-09T11:07:02.910Z,28.6531,76.8101,10,4.6,mb,,95,8.843,1.05,us,us2000hgq4,2020-07-10T17:18:09.647Z,"13 km WSW of Bah?durgarh, India",earthquake,6.5,1.9,0.182,9,reviewed,us,us
2018-08-27T12:09:02.720Z,25.0779,62.9048,10,4.9,mb,,151,6.08,0.88,us,us1000ghyc,2022-08-08T07:31:46.684Z,"58 km E of Gwadar, Pakistan",earthquake,9.2,1.9,0.06,89,reviewed,us,us
2018-08-02T02:52:31.880Z,32.1295,69.0925,47.17,4.5,mb,,99,2.405,0.64,us,us1000g1ip,2018-10-16T15:34:14.040Z,"48 km WSW of Wana, Pakistan",earthquake,9,6.8,0.058,89,reviewed,us,us
2018-07-21T09:19:36.900Z,34.2911,74.0789,40.06,4.5,mb,,108,0.928,0.81,us,us2000gakd,2019-02-05T17:23:58.085Z,"23 km N of Uri, India",earthquake,7.2,8.4,0.08,46,reviewed,us,us
2018-07-01T10:07:02.900Z,29.0928,76.9296,10,4.5,mb,,150,5.517,1.03,us,us2000fsyl,2020-07-10T17:12:12.662Z,"13 km NW of Son?pat, India",earthquake,11.9,1.9,0.131,17,reviewed,us,us
2018-06-19T10:53:45.020Z,28.1275,65.9091,10,4.5,mb,,109,6.932,0.69,us,us1000eyqu,2018-09-19T15:15:54.040Z,"53 km SW of Surab, Pakistan",earthquake,9.1,1.9,0.181,9,reviewed,us,us
2018-06-17T14:21:28.910Z,30.0772,70.2093,10,5.1,mww,,114,4.411,0.99,us,us1000etwv,2022-08-08T04:53:43.408Z,"41 km W of Dera Ghazi Khan, Pakistan",earthquake,8.1,1.9,0.089,12,reviewed,us,us
2018-06-14T10:15:49.470Z,32.5602,76.3615,10,4.5,mb,,154,2.814,1.24,us,us1000erd6,2018-09-07T17:47:03.040Z,"22 km E of Chamba, India",earthquake,7.1,1.9,0.089,37,reviewed,us,us
2018-05-31T13:42:34.820Z,28.7329,69.3073,16.64,4.7,mb,,207,5.794,0.96,us,us1000efj3,2018-08-28T16:29:16.040Z,"36 km SSE of Dera Bugti, Pakistan",earthquake,8.1,6,0.056,95,reviewed,us,us
2018-05-28T19:19:42.540Z,32.9691,68.5616,39.96,4.6,mb,,114,1.618,0.96,us,us1000edil,2018-08-28T16:27:53.040Z,"17 km NE of Zargh?n Shahr, Afghanistan",earthquake,7.7,6.9,0.046,144,reviewed,us,us
2018-05-21T10:51:02.750Z,31.7412,78.4799,10,4.5,mb,,104,4.788,0.82,us,us1000e99b,2018-08-21T21:23:47.040Z,"69 km ENE of Sar?han, India",earthquake,5.2,1.8,0.097,31,reviewed,us,us
2018-05-09T03:23:26.710Z,33.1351,70.5177,19.35,5.4,mb,,49,1.863,0.66,us,us1000e15a,2022-05-03T19:56:38.758Z,"18 km NNW of Bannu, Pakistan",earthquake,7.3,3.6,0.032,342,reviewed,us,us
2018-05-08T18:17:55.720Z,32.975,68.5817,39.5,4.8,mb,,72,1.608,0.67,us,us1000e0u7,2018-08-08T15:19:37.040Z,"19 km NE of Zargh?n Shahr, Afghanistan",earthquake,7.8,6.3,0.039,205,reviewed,us,us
2018-05-03T07:58:07.980Z,25.0494,63.1733,10,4.5,mb,,140,4.523,0.95,us,us1000dwih,2018-07-27T20:20:31.040Z,"38 km SW of Pasni, Pakistan",earthquake,10.2,1.9,0.082,43,reviewed,us,us
2018-03-15T14:53:24.170Z,33.0311,76.0989,39.8,4.5,mb,,99,2.448,1.21,us,us1000d4p8,2022-08-08T01:14:41.708Z,"36 km E of Bhadarw?h, India",earthquake,4.4,9.1,0.085,41,reviewed,us,us
2018-01-31T04:58:44.280Z,26.2977,66.223,10,4.7,mb,,142,8.568,0.74,us,us2000crm3,2020-07-10T17:01:42.322Z,"11 km NW of Bela, Pakistan",earthquake,7.2,1.9,0.06,84,reviewed,us,us
2017-12-10T22:58:55.730Z,34.3183,78.5677,35.55,4.6,mb,,80,4.452,0.48,us,us2000c2q3,2018-03-06T00:49:35.040Z,"92 km E of Leh, India",earthquake,8.1,6.2,0.091,36,reviewed,us,us
2017-12-09T10:43:07.020Z,33.4204,76.9149,20.3,4.7,mb,,83,3.054,1,us,us2000c2cc,2018-02-28T02:32:34.040Z,"5 km SSE of Padam, India",earthquake,7.3,3.2,0.064,74,reviewed,us,us
2017-12-06T23:41:58.540Z,27.45,65.7132,12.47,5.3,mww,,60,7.528,0.55,us,us2000c1ee,2022-05-03T18:42:23.276Z,"97 km WSW of Khuzdar, Pakistan",earthquake,7.4,4.3,0.075,17,reviewed,us,us
2017-11-07T18:58:50.870Z,29.4443,66.4555,17.62,5,mb,,97,5.536,0.88,us,us2000bjyb,2022-08-07T20:54:34.586Z,"43 km ESE of Nushki, Pakistan",earthquake,8,4.2,0.052,118,reviewed,us,us
2017-11-04T16:34:07.350Z,34.1976,70.5572,68.57,4.5,mb,,73,1.298,1.23,us,us2000bigs,2018-01-24T01:25:09.040Z,"16 km WNW of Markaz-e Woluswal?-ye ?ch?n, Afghanistan",earthquake,5.9,7.5,0.072,57,reviewed,us,us
2017-10-19T01:10:25.000Z,33.5105,76.2599,32.12,4.6,mb,,79,2.501,0.95,us,us1000atxi,2018-01-11T02:22:07.040Z,"50 km ENE of Kishtw?r, India",earthquake,7.3,5.1,0.056,94,reviewed,us,us
2017-09-23T00:14:11.480Z,34.2131,74.5944,35,4.6,mb,,109,4.078,0.61,us,us2000atf6,2022-08-07T18:20:27.830Z,"5 km WSW of Sumbal, India",earthquake,7.9,1.9,0.061,80,reviewed,us,us
2017-09-05T22:40:58.850Z,29.5021,69.9891,25.67,4.6,mb,,88,4.993,0.89,us,us2000agek,2017-12-07T20:00:14.040Z,"38 km W of Dajal, Pakistan",earthquake,7.3,3.7,0.078,49,reviewed,us,us
2017-08-27T12:24:52.510Z,33.5732,72.998,32.11,4.6,mb,,155,0.238,1.34,us,us2000ac8j,2022-08-07T15:46:39.041Z,"5 km WSW of Rawalpindi, Pakistan",earthquake,9.5,6.6,0.103,28,reviewed,us,us
2017-07-09T11:35:28.080Z,27.4842,64.7821,47.81,4.7,mb,,137,7.217,0.63,us,us100098cy,2017-10-06T23:56:10.040Z,"136 km SSW of Kharan, Pakistan",earthquake,9.4,6.3,0.058,91,reviewed,us,us
2017-07-08T10:12:31.400Z,34.6598,73.4405,22.29,4.7,mb,,62,1.016,0.75,us,us1000984s,2017-10-03T00:47:54.040Z,"31 km NE of Baffa, Pakistan",earthquake,7.2,5.1,0.047,139,reviewed,us,us
2017-06-22T09:13:15.500Z,34.7453,69.4815,24.87,4.5,mb,,127,0.415,1.38,us,us20009p03,2017-08-23T16:35:47.040Z,"19 km SW of Tag?b, Afghanistan",earthquake,6.4,6.2,0.09,36,reviewed,us,us
2017-06-14T09:06:06.430Z,34.8708,72.9161,25.09,4.7,mb,,64,1.251,1.02,us,us20009me4,2017-08-18T23:13:27.040Z,"22 km NNW of Shingli Bala, Pakistan",earthquake,4.4,6,0.083,44,reviewed,us,us
2017-06-01T22:55:54.880Z,28.9744,76.7797,10,4.7,mb,,69,5.545,0.76,us,us20009j48,2020-07-10T16:43:09.412Z,"16 km NW of Kharkhauda, India",earthquake,8.3,1.8,0.045,150,reviewed,us,us
2017-05-29T13:53:29.160Z,33.2999,75.9276,35.9,4.5,mb,,165,5.472,0.7,us,us10008w1v,2017-08-15T02:26:45.040Z,"15 km E of Kishtw?r, India",earthquake,10,8.5,0.064,71,reviewed,us,us
2017-05-19T00:02:33.540Z,33.0204,76.1431,42.99,4.5,mb,,107,6.103,0.79,us,us10008tgd,2017-08-05T03:32:11.040Z,"40 km E of Bhadarw?h, India",earthquake,10,8.4,0.083,42,reviewed,us,us
2017-05-17T16:19:30.230Z,34.2997,69.4223,13.2,4.5,mb,,76,0.395,0.91,us,us10008t1f,2017-08-05T03:32:10.040Z,"24 km NW of ?uk?mat? Azrah, Afghanistan",earthquake,6.2,1.5,0.076,51,reviewed,us,us
2017-04-18T05:11:55.400Z,33.9575,76.422,51.3,4.6,mb,,107,2.643,0.95,us,us10008ii5,2017-07-11T01:48:36.040Z,"Kashmir-India border region",earthquake,4.2,7.5,0.083,43,reviewed,us,us
2017-03-24T01:23:31.050Z,29.1084,67.1771,18.04,4.9,mb,,37,5.643,0.88,us,us20008u6b,2022-05-03T18:14:57.896Z,"57 km E of Kalat, Pakistan",earthquake,6.6,3.8,0.046,147,reviewed,us,us
2017-03-18T00:31:34.450Z,27.3067,65.5377,24.28,4.6,mb,,104,7.448,0.87,us,us20008swt,2017-06-07T00:33:43.040Z,"119 km WSW of Khuzdar, Pakistan",earthquake,8.5,5.5,0.068,65,reviewed,us,us
2017-02-08T11:02:37.540Z,25.1444,63.3102,10,5.2,mb,,66,4.675,0.8,us,us20008ig4,2022-05-03T18:11:03.461Z,"20 km SW of Pasni, Pakistan",earthquake,7,1.7,0.045,164,reviewed,us,us
2017-02-07T22:03:56.390Z,25.1912,63.2644,29.07,6.3,mww,,28,4.655,0.76,us,us20008ic7,2022-05-03T19:52:26.476Z,"22 km WSW of Pasni, Pakistan",earthquake,7.5,3.3,,,reviewed,us,us
2017-01-29T08:51:01.370Z,26.7669,65.9521,10,4.7,mb,,61,8.192,0.58,us,us10007w0v,2022-05-03T18:09:56.237Z,"69 km NNW of Bela, Pakistan",earthquake,8.3,1.9,0.068,66,reviewed,us,us
2017-01-23T11:15:52.850Z,29.0978,68.9654,23.64,4.5,mb,,130,5.427,0.78,us,us10007uyv,2017-04-19T18:30:56.040Z,"20 km WNW of Dera Bugti, Pakistan",earthquake,11.6,6.6,0.121,20,reviewed,us,us
2017-01-20T03:47:42.590Z,26.7067,66.1461,10,4.5,mb,,106,7.642,0.9,us,us10007u9i,2017-04-12T02:29:02.040Z,"55 km NNW of Bela, Pakistan",earthquake,9.1,1.9,0.095,32,reviewed,us,us
2017-01-08T13:31:26.230Z,31.7739,72.156,10,4.5,mb,,88,2.093,0.91,us,us10007rzn,2020-07-10T15:20:15.428Z,"12 km WSW of Jahanian Shah, Pakistan",earthquake,5.2,1.9,0.096,32,reviewed,us,us
2016-12-17T17:25:58.040Z,34.0507,73.8062,36.07,4.5,mb,,85,0.599,1.15,us,us200081z0,2017-03-16T02:31:26.040Z,"21 km N of Rawala Kot, Pakistan",earthquake,6.6,7.6,0.084,42,reviewed,us,us
2016-12-08T10:01:59.840Z,34.1753,69.276,10,4.6,mb,,150,0.412,1.34,us,us20007z4h,2017-03-03T07:06:08.040Z,"30 km NE of Pul-e ‘Alam, Afghanistan",earthquake,5.8,1.9,0.122,22,reviewed,us,us
2016-11-24T14:16:36.710Z,33.227,72.7675,37.81,4.5,mb,,249,0.595,1.47,us,us10007c3e,2017-02-15T23:21:39.040Z,"33 km NNW of Chakwal, Pakistan",earthquake,11,12,0.136,16,reviewed,us,us
2016-11-23T00:19:11.410Z,27.7476,66.0661,21.11,4.5,mb,,117,7.235,1.39,us,us10007bmp,2017-02-15T23:21:37.040Z,"54 km W of Khuzdar, Pakistan",earthquake,6.4,5.9,0.084,42,reviewed,us,us
2016-10-20T04:53:53.420Z,30.8984,69.8069,29.96,4.8,mb,,115,3.688,0.73,us,us20007fiq,2022-05-03T18:55:40.849Z,"59 km SE of Zhob, Pakistan",earthquake,7.2,5.4,0.075,54,reviewed,us,us
2016-10-01T08:04:34.330Z,34.9048,73.6822,10,5.4,mb,,54,1.297,0.86,us,us10006ucc,2022-05-03T18:00:46.465Z,"62 km NNE of Muzaffar?b?d, Pakistan",earthquake,7,1.8,0.046,160,reviewed,us,us
2016-09-24T04:16:57.580Z,26.7962,66.1357,10,4.6,mb,,115,7.672,1.03,us,us10006uz8,2016-12-14T03:17:46.040Z,"65 km NNW of Bela, Pakistan",earthquake,6.3,1.9,0.086,41,reviewed,us,us
2016-09-22T20:24:28.620Z,26.1494,68.1516,10,4.6,mb,,130,8.399,0.85,us,us10006rri,2022-06-04T02:38:58.821Z,"12 km N of Sann, Pakistan",earthquake,9.6,1.9,0.068,65,reviewed,us,us
2016-09-05T04:50:14.360Z,34.7371,73.098,25.92,4.7,mb,,59,1.093,0.9,us,us10006kfz,2016-12-03T02:54:43.040Z,"9 km NE of Battagram, Pakistan",earthquake,7.1,5.2,0.06,86,reviewed,us,us
2016-09-02T08:19:53.300Z,34.6817,72.9636,34.89,4.5,mb,,65,1.059,0.93,us,us10006jl2,2016-12-03T02:54:34.040Z,"1 km W of Shingli Bala, Pakistan",earthquake,6.1,4.7,0.127,18,reviewed,us,us
2016-08-27T01:35:05.900Z,31.4834,77.6806,10,4.5,mb,,152,4.306,0.69,us,us20006ufn,2016-11-29T01:28:41.040Z,"6 km NE of R?mpur, India",earthquake,9,1.9,0.091,36,reviewed,us,us
2016-08-27T01:14:30.110Z,31.4746,77.7102,10,4.6,mb,,106,4.332,0.8,us,us20006ufk,2016-11-29T01:28:41.040Z,"8 km ENE of R?mpur, India",earthquake,7.5,1.3,0.066,69,reviewed,us,us
2016-08-26T10:19:23.440Z,28.4815,62.0664,15.93,4.5,mb,,102,1.113,0.75,us,us20006u67,2016-11-29T01:28:40.040Z,"88 km ENE of Kh?sh, Iran",earthquake,5.8,4.3,0.093,34,reviewed,us,us
2016-08-01T13:38:32.850Z,31.3148,76.9876,35.06,4.5,mb,,118,3.911,1.38,us,us10006acy,2016-10-19T04:52:06.040Z,"15 km WNW of Seoni, India",earthquake,8.8,6.9,0.164,11,reviewed,us,us
2016-07-25T23:37:21.230Z,25.7955,65.0807,35,4.6,mb,,190,10.576,0.96,us,us20006hm6,2016-09-24T22:47:19.040Z,"78 km NE of Ormara, Pakistan",earthquake,7.4,2,0.146,14,reviewed,us,us
2016-07-17T11:53:57.580Z,31.3474,74.4464,60.73,4.5,mb,,146,2.503,0.8,us,us20006fcp,2020-07-10T16:32:20.000Z,"7 km ESE of Kahna Nau, Pakistan",earthquake,10.3,5,0.087,39,reviewed,us,us
2016-07-10T21:33:55.890Z,30.8996,66.4706,30.09,4.7,mb,,96,4.228,0.74,us,us100062gd,2022-08-03T03:38:09.216Z,"2 km SE of Chaman, Pakistan",earthquake,8,4.9,0.051,116,reviewed,us,us
2016-06-30T20:50:36.800Z,30.0569,70.2698,10,4.5,mb,,134,4.589,1.02,us,us10005ywq,2016-08-31T03:08:24.040Z,"35 km W of Dera Ghazi Khan, Pakistan",earthquake,9.6,1.9,0.059,85,reviewed,us,us
2016-06-27T05:27:43.810Z,32.1823,69.6512,46.92,4.6,mb,,89,2.406,0.61,us,us2000674d,2016-08-31T03:08:18.040Z,"14 km SSE of Wana, Pakistan",earthquake,8,5.8,0.064,74,reviewed,us,us
2016-05-13T07:01:10.270Z,30.659,66.3878,10,5.5,mwb,,33,4.472,0.95,us,us10005h1j,2022-08-02T22:29:54.522Z,"29 km SSW of Chaman, Pakistan",earthquake,8,1.8,0.055,32,reviewed,us,us
2016-05-13T07:00:51.270Z,30.6507,66.4361,10,4.7,mb,,55,4.459,0.95,us,us10005h1s,2022-05-03T17:48:43.748Z,"29 km S of Chaman, Pakistan",earthquake,6.7,1.9,0.095,34,reviewed,us,us
2016-05-13T06:59:32.030Z,30.6598,66.4243,10,5.2,mwb,,21,4.456,0.87,us,us10005h1a,2022-05-03T17:48:42.453Z,"28 km S of Chaman, Pakistan",earthquake,7.4,1.8,0.055,32,reviewed,us,us
2016-03-28T16:18:30.500Z,27.694,66.0465,28.13,4.6,mb,,58,7.292,0.94,us,us20005cws,2016-06-10T23:32:55.040Z,"57 km WSW of Khuzdar, Pakistan",earthquake,8.2,5.1,0.079,48,reviewed,us,us
2016-03-21T14:48:51.330Z,27.7676,66.0962,10,5.6,mwb,,19,7.208,0.54,us,us20005bft,2022-05-03T19:08:32.577Z,"50 km W of Khuzdar, Pakistan",earthquake,7.3,1.8,0.043,51,reviewed,us,us
2016-03-02T06:35:11.210Z,29.7391,69.9154,10,4.6,mb,,97,4.834,0.84,us,us10004u08,2016-05-06T23:34:23.040Z,"41 km ESE of Barkhan, Pakistan",earthquake,8.6,1.9,0.081,45,reviewed,us,us
2015-12-29T00:07:03.970Z,34.9819,73.0507,48.92,4.7,mb,,50,1.34,0.87,us,us10004a65,2022-08-02T01:25:35.426Z,"Pakistan",earthquake,6.4,7,0.078,49,reviewed,us,us
2015-11-27T11:40:34.340Z,34.8307,73.9303,5,5,mb,,39,1.298,0.91,us,us100041q3,2022-08-01T20:41:33.423Z,"66 km NE of Muzaffar?b?d, Pakistan",earthquake,3.3,3.7,0.076,56,reviewed,us,us
2015-11-23T16:58:05.110Z,29.9046,63.8335,10,4.7,mb,,83,4.667,1.11,us,us100040hk,2016-02-18T04:48:51.040Z,"77 km SE of ‘Al?qahd?r? D?sh?, Afghanistan",earthquake,4.7,1.9,0.091,36,reviewed,us,us
2015-11-08T15:01:24.090Z,27.8368,66.8906,10,4.9,mb,,59,6.932,0.71,us,us10003vr5,2022-05-03T17:35:38.896Z,"27 km E of Khuzdar, Pakistan",earthquake,7.9,1.8,0.049,133,reviewed,us,us
2015-11-02T17:03:05.830Z,32.0564,69.5481,39.95,4.6,mb,,143,2.513,0.95,us,us200041cm,2016-01-30T02:11:03.040Z,"26 km S of Wana, Pakistan",earthquake,9.2,6.6,0.092,35,reviewed,us,us
2015-11-02T13:40:36.200Z,32.0869,69.5562,44.73,5,mb,,26,2.484,0.7,us,us200041b0,2016-11-10T21:58:18.815Z,"23 km S of Wana, Pakistan",earthquake,3.6,4.8,0.045,156,reviewed,us,us
2015-10-27T13:15:05.040Z,27.4306,66.0114,10,5,mb,,76,7.873,0.88,us,us10003ruc,2022-08-01T14:10:22.169Z,"72 km SW of Khuzdar, Pakistan",earthquake,7.7,1.7,0.063,82,reviewed,us,us
2015-10-23T00:36:53.210Z,29.5365,70.2972,26.87,4.5,mb,,133,4.821,0.65,us,us20004064,2016-01-22T23:41:10.040Z,"8 km WSW of Dajal, Pakistan",earthquake,9.8,6.2,0.113,23,reviewed,us,us
2015-10-23T00:27:39.560Z,29.6377,70.326,11,5.6,mww,,38,4.722,0.88,us,us10003qv5,2022-08-01T13:15:05.654Z,"10 km NNW of Dajal, Pakistan",earthquake,7.9,1.8,,,reviewed,us,us
2015-10-19T14:17:00.870Z,28.7072,63.8525,61.82,4.8,mb,,82,5.826,1.06,us,us10003pnd,2016-01-15T20:51:15.040Z,"57 km WSW of Dalbandin, Pakistan",earthquake,8.8,5.4,0.062,79,reviewed,us,us
2015-10-17T00:06:00.200Z,28.8422,64.3723,55.47,4.5,mb,,124,5.817,0.82,us,us10003paa,2016-01-15T20:50:51.040Z,"6 km SSW of Dalbandin, Pakistan",earthquake,9.2,5.2,0.078,48,reviewed,us,us
2015-08-14T13:48:30.210Z,34.6642,73.3111,29.17,4.5,mb,,82,1.011,0.92,us,us1000329w,2015-11-17T00:13:27.040Z,"26 km NNE of Baffa, Pakistan",earthquake,7,5.7,0.128,18,reviewed,us,us
2015-08-03T13:16:03.440Z,27.3983,65.9087,28.57,5.3,mb,,39,7.61,0.74,us,us10002xg2,2022-05-03T17:27:40.659Z,"83 km WSW of Khuzdar, Pakistan",earthquake,3.7,3.9,0.04,214,reviewed,us,us
2015-07-24T21:30:07.260Z,33.3021,73.3002,39.11,4.6,mb,,162,0.348,1.24,us,us20002zza,2022-07-31T20:29:29.174Z,"5 km N of Gujar Khan, Pakistan",earthquake,8.8,7.1,0.122,20,reviewed,us,us
2015-07-24T20:59:54.120Z,33.8564,73.1926,17.03,5.1,mwr,,28,0.214,1.13,us,us20002zz3,2022-07-31T20:28:24.729Z,"19 km WSW of Murree, Pakistan",earthquake,6.1,3.9,0.054,33,reviewed,us,us
2015-07-15T11:25:59.580Z,27.3323,65.985,10,5.3,mww,,33,7.649,0.72,us,us20002xn1,2022-07-31T18:41:23.592Z,"81 km SW of Khuzdar, Pakistan",earthquake,7.5,1.8,,,reviewed,us,us
2015-07-14T05:46:15.620Z,34.3654,73.738,25.36,4.5,mb,,116,0.812,1.37,us,us20002xcp,2015-10-09T20:19:17.040Z,"24 km E of Muzaffar?b?d, Pakistan",earthquake,6.5,6.3,0.18,9,reviewed,us,us
2015-07-02T07:18:24.020Z,34.4513,73.7102,10,5.3,mb,,40,0.878,1.05,us,us10002mzg,2022-07-31T16:22:17.052Z,"23 km ENE of Muzaffar?b?d, Pakistan",earthquake,5.3,1.8,0.06,92,reviewed,us,us
2015-05-31T16:55:50.180Z,33.1388,71.4176,37.52,4.5,mb,,118,1.63,1.05,us,us20002ku4,2015-08-08T00:49:32.040Z,"23 km NNW of Kalabagh, Pakistan",earthquake,8.2,7.4,0.136,16,reviewed,us,us
2015-05-13T14:35:18.290Z,26.7927,62.5102,42.48,4.5,mb,,106,4.99,0.77,us,us20002f03,2015-07-17T07:06:15.040Z,"102 km NNW of Turbat, Pakistan",earthquake,7.8,4.4,0.113,23,reviewed,us,us
2015-02-26T21:59:05.140Z,34.671,73.2777,29.74,5.4,mb,,16,1.017,0.86,us,usc000ttgc,2022-07-27T23:19:31.542Z,"23 km E of Battagram, Pakistan",earthquake,4.6,3.6,0.036,270,reviewed,us,us
2015-02-15T14:14:20.990Z,34.4283,76.2031,48.05,4.7,mb,,84,2.557,0.65,us,usb000tpit,2022-07-27T21:16:35.775Z,"15 km SSE of Kargil, India",earthquake,8.1,7.2,0.059,97,reviewed,us,us
2014-11-24T22:04:05.290Z,30.24,67.5154,18.29,4.5,mb,,96,4.478,0.82,us,usb000szpg,2015-02-18T03:30:58.040Z,"Pakistan",earthquake,7.1,3.6,0.098,31,reviewed,us,us
2014-10-23T04:05:35.260Z,34.9154,73.8777,34.56,4.8,mb,,39,1.358,0.42,us,usb000spya,2015-01-17T01:25:33.040Z,"71 km NNE of Muzaffar?b?d, Pakistan",earthquake,3.9,4.2,0.079,57,reviewed,us,us
2014-09-27T18:39:34.490Z,27.6579,66.0255,30.24,4.5,mb,,97,7.332,1.16,us,usb000sgrh,2014-12-20T00:54:00.040Z,"60 km WSW of Khuzdar, Pakistan",earthquake,8.2,5.4,0.088,42,reviewed,us,us
2014-09-25T06:16:12.460Z,27.2827,65.7252,30.9,5.1,mb,,49,7.579,0.86,us,usb000sft1,2022-05-03T17:02:29.520Z,"105 km SW of Khuzdar, Pakistan",earthquake,6.8,3.8,0.05,138,reviewed,us,us
2014-09-25T02:31:57.680Z,27.3046,65.7506,52,5.4,mww,,38,7.609,0.39,us,usb000sfrw,2022-05-03T17:02:27.154Z,"101 km WSW of Khuzdar, Pakistan",earthquake,7.1,1.8,,,reviewed,us,us
2014-09-22T20:49:10.820Z,34.2939,73.9193,26.73,4.7,mb,,94,0.839,0.75,us,usb000sf2b,2022-07-27T02:56:46.145Z,"26 km NNW of Uri, India",earthquake,7.2,5,0.076,57,reviewed,us,us
2014-09-07T17:04:48.010Z,27.0721,67.2293,29.57,4.6,mb,,124,7.606,1.01,us,usb000sa6x,2014-12-05T23:36:38.040Z,"49 km WNW of Goth Phulji, Pakistan",earthquake,8.3,3.7,0.109,28,reviewed,us,us
2014-09-05T21:36:59.550Z,31.1205,70.1415,46.16,4.5,mb,,59,3.533,1.21,us,usb000s9q1,2014-12-05T23:36:33.040Z,"67 km NW of Taunsa, Pakistan",earthquake,8.6,7.6,0.109,28,reviewed,us,us
2014-08-21T08:11:18.820Z,32.3289,76.4266,10,4.9,mb,,45,2.963,0.75,us,usb000s4v3,2022-07-26T22:54:51.614Z,"15 km NE of Dharamsala, India",earthquake,7.6,1.8,0.05,134,reviewed,us,us
2014-06-13T13:32:52.870Z,33.292,75.5807,42.74,5,mb,,91,1.965,1.14,us,usc000rf2p,2022-05-03T16:54:36.331Z,"16 km N of Doda, India",earthquake,,5.2,0.062,87,reviewed,us,us
2014-06-13T06:17:06.150Z,27.6169,65.9037,26.13,5.2,mb,,78,7.407,1.19,us,usc000rewv,2022-05-03T16:54:35.142Z,"73 km WSW of Khuzdar, Pakistan",earthquake,,3.6,0.051,130,reviewed,us,us
2014-05-16T06:32:10.690Z,29.4664,67.695,18.87,4.9,mb,,97,5.187,0.85,us,usb000qqg4,2014-08-09T02:53:45.000Z,"4 km ESE of Dadhar, Pakistan",earthquake,,2.4,0.057,98,reviewed,us,us
2014-05-08T23:50:11.240Z,26.3678,68.3887,15.35,4.6,mb,,83,8.399,0.78,us,usb000qez2,2020-07-10T18:30:03.385Z,"11 km SE of Daur, Pakistan",earthquake,,4.3,0.061,79,reviewed,us,us
2014-05-08T22:51:15.830Z,26.3868,68.3579,14.73,4.5,mb,,100,8.396,0.79,us,usb000qexd,2022-05-03T16:49:59.882Z,"8 km SSE of Daur, Pakistan",earthquake,,3.1,0.078,48,reviewed,us,us
2014-05-01T13:40:12.340Z,31.7368,69.9299,27.84,4.8,mb,,94,2.893,0.67,us,usb000q6av,2014-07-27T21:51:14.000Z,"54 km WSW of Kulachi, Pakistan",earthquake,,4,0.069,65,reviewed,us,us
2014-03-27T07:39:28.990Z,34.7251,73.6564,23.8,4.7,mb,,73,1.118,1.18,us,usc000nsmp,2014-05-29T23:32:06.000Z,"42 km NNE of Muzaffar?b?d, Pakistan",earthquake,,5.2,0.08,50,reviewed,us,us
2014-02-21T06:46:47.260Z,30.0104,76.1747,16.02,4.6,mb,,146,4.391,0.82,us,usb000n1g8,2020-07-10T18:27:37.267Z,"18 km ESE of Dirba, India",earthquake,,4.9,0.223,6,reviewed,us,us
2014-02-11T00:09:43.170Z,27.1214,65.448,10,4.8,mb,,62,7.284,1.23,us,usc000mmp8,2022-05-03T16:41:47.616Z,"131 km NW of Bela, Pakistan",earthquake,,1.9,0.063,81,reviewed,us,us
2014-01-30T16:01:47.280Z,25.1147,62.7566,30.97,4.6,mb,,96,4.205,0.89,us,usc000mdna,2014-04-08T01:43:17.000Z,"43 km E of Gwadar, Pakistan",earthquake,,5.1,0.07,64,reviewed,us,us
2014-01-27T10:33:23.560Z,34.7881,73.1097,28.1,4.6,mb,,58,1.142,0.66,us,usb000m8su,2014-03-27T18:15:44.000Z,"Pakistan",earthquake,,4.9,0.12,21,reviewed,us,us
2014-01-08T23:48:18.900Z,27.2984,65.6404,10,4.5,mb,,80,7.522,1.07,us,usc000lz0g,2014-03-15T03:38:41.000Z,"111 km WSW of Khuzdar, Pakistan",earthquake,,1.9,0.097,31,reviewed,us,us
2013-12-19T19:28:40.940Z,27.5175,67.4543,10.11,5.4,mwb,,18,7.132,0.76,us,usc000lnge,2022-05-03T16:36:19.471Z,"34 km WNW of Warah, Pakistan",earthquake,,3,0.054,,reviewed,us,us
2013-12-11T12:34:19.700Z,29.7619,69.7293,10,4.5,mb,,72,4.8,0.82,us,usc000li0c,2014-02-21T23:00:51.000Z,"24 km SE of Barkhan, Pakistan",earthquake,,1.8,0.102,,reviewed,us,us
2013-11-15T10:42:40.520Z,29.8329,67.5025,17.75,4.9,mb,,70,4.872,0.87,us,usb000kyxr,2022-05-03T16:33:08.419Z,"16 km ESE of Mach, Pakistan",earthquake,,3.5,0.056,,reviewed,us,us
2013-10-28T19:04:10.800Z,25.8855,64.1905,18.92,4.7,mb,,124,5.706,0.86,us,usc000kq1t,2022-05-03T16:30:37.699Z,"87 km NNW of Ormara, Pakistan",earthquake,,5,0.074,,reviewed,us,us
2013-10-26T00:05:03.550Z,33.1049,75.9359,41.6,4.5,mb,,101,2.297,0.68,us,usc000knei,2014-01-03T00:32:54.000Z,"24 km NE of Bhadarw?h, India",earthquake,,6.9,0.084,,reviewed,us,us
2013-10-18T13:18:22.570Z,28.2609,66.5271,10,5.2,mb,,50,6.619,0.93,us,usb000kgbw,2022-05-03T17:54:26.850Z,"36 km SE of Surab, Pakistan",earthquake,,1.8,0.064,,reviewed,us,us
2013-10-18T13:12:26.870Z,25.937,64.1061,18.67,4.6,mb,,124,5.661,1,us,usb000kgbr,2022-05-03T16:29:33.794Z,"96 km NNW of Ormara, Pakistan",earthquake,,4.6,0.107,,reviewed,us,us
2013-09-28T07:34:06.450Z,27.1825,65.5052,12,6.8,mww,,17,7.359,0.91,us,usb000k1gb,2022-07-25T23:01:12.781Z,"129 km WSW of Khuzdar, Pakistan",earthquake,,1.7,,,reviewed,us,us
2013-09-27T18:08:39.880Z,27.2997,65.5423,15.69,4.9,mb,,39,7.448,0.82,us,usb000k15g,2022-05-03T16:27:43.756Z,"119 km WSW of Khuzdar, Pakistan",earthquake,,3.8,0.052,,reviewed,us,us
2013-09-27T06:51:01.540Z,26.0859,64.2469,14.85,4.8,mb,,82,5.842,1.45,us,usb000k0ur,2013-12-13T09:00:34.000Z,"104 km NNW of Ormara, Pakistan",earthquake,,4.1,0.064,,reviewed,us,us
2013-09-24T22:38:16.120Z,27.1673,65.5121,22.91,4.8,mb,,107,7.357,1.09,us,usb000jz3j,2013-12-13T09:00:32.000Z,"129 km WSW of Khuzdar, Pakistan",earthquake,,3.3,0.07,,reviewed,us,us
2013-09-24T21:59:03.140Z,27.405,65.664,24.87,4.8,mb,,45,7.553,1.08,us,usb000jz2f,2022-05-03T16:27:37.955Z,"103 km WSW of Khuzdar, Pakistan",earthquake,,4.6,0.067,,reviewed,us,us
2013-09-24T19:54:07.600Z,27.3794,65.6489,26.61,4.6,mb,,97,7.57,1.07,us,usb000jywt,2013-12-13T09:00:32.000Z,"106 km WSW of Khuzdar, Pakistan",earthquake,,5.4,0.076,,reviewed,us,us
2013-09-24T17:20:13.520Z,27.131,65.471,10.52,5.5,mb,,21,7.307,0.85,us,usb000jyqj,2022-05-03T16:27:31.735Z,"130 km NW of Bela, Pakistan",earthquake,,1.9,0.039,,reviewed,us,us
2013-09-24T15:13:48.730Z,26.9443,65.3131,10,4.8,mb,,123,9.586,0.8,us,usb000k2ce,2013-12-13T09:00:32.000Z,"127 km NW of Bela, Pakistan",earthquake,,1.8,0.092,,reviewed,us,us
2013-09-24T15:12:23.090Z,27.1171,65.4777,18.22,4.9,mb,,60,7.305,0.71,us,usb000jylx,2022-05-03T16:27:24.946Z,"128 km NW of Bela, Pakistan",earthquake,,3.8,0.062,,reviewed,us,us
2013-09-24T14:08:32.730Z,27.4939,65.6874,20.97,5.2,mb,,23,7.479,0.92,us,usb000jyl0,2022-05-03T16:27:19.632Z,"97 km WSW of Khuzdar, Pakistan",earthquake,,2.7,0.05,,reviewed,us,us
2013-09-24T13:01:39.010Z,27.3125,65.6201,14.48,5.6,mb,,21,7.513,0.86,us,usb000jykm,2022-05-03T16:27:14.192Z,"112 km WSW of Khuzdar, Pakistan",earthquake,,1.3,0.045,,reviewed,us,us
2013-09-24T12:42:10.790Z,27.3325,65.6226,10.04,4.9,mb,,59,7.526,1.02,us,usb000jykh,2022-05-03T16:27:07.559Z,"111 km WSW of Khuzdar, Pakistan",earthquake,,1.8,0.061,,reviewed,us,us
2013-09-24T12:07:06.640Z,27.3528,65.6604,10,4.7,mb,,99,7.565,0.76,us,usb000jyjr,2013-12-13T09:00:32.000Z,"106 km WSW of Khuzdar, Pakistan",earthquake,,1.9,0.09,,reviewed,us,us
2013-09-24T11:50:37.360Z,26.5617,65.2146,10,5,mb,,85,8.209,0.89,us,usb000k2c6,2022-05-03T16:38:15.246Z,"115 km WNW of Bela, Pakistan",earthquake,,1.9,0.109,,reviewed,us,us
2013-09-24T11:44:26.490Z,25.3764,65.9668,10,5,mb,,208,18.073,1.17,us,usb000k2c4,2013-12-13T09:00:31.000Z,"81 km SW of Uthal, Pakistan",earthquake,,2,0.401,,reviewed,us,us
2013-09-24T11:43:54.450Z,26.5902,65.1551,9.99,4.6,mb,,144,16.056,0.81,us,usb000k2c2,2013-12-13T09:00:31.000Z,"122 km WNW of Bela, Pakistan",earthquake,,1.9,0.194,,reviewed,us,us
2013-09-24T11:42:43.280Z,26.8928,66.3616,10,4.8,mb,,182,22.875,0.38,us,usb000k2c1,2013-12-13T09:00:31.000Z,"73 km N of Bela, Pakistan",earthquake,,2,0.394,,reviewed,us,us
2013-09-24T11:41:50.050Z,26.6776,65.4037,9.97,5.1,mb,,150,22.937,1.15,us,usb000k2c0,2013-12-13T09:00:31.000Z,"103 km WNW of Bela, Pakistan",earthquake,,1.9,0.215,,reviewed,us,us
2013-09-24T11:36:27.670Z,27.2085,65.5674,10.03,5.8,mb,,43,7.704,0.79,us,usb000jyj7,2022-05-03T17:51:16.172Z,"122 km WSW of Khuzdar, Pakistan",earthquake,,1,0.054,,reviewed,us,us
2013-09-24T11:29:47.970Z,26.951,65.5009,15,7.7,mww,,17,7.241,0.93,us,usb000jyiv,2022-08-06T17:55:53.937Z,"113 km NW of Bela, Pakistan",earthquake,,1.6,,,reviewed,us,us
2013-09-05T18:11:28.600Z,33.2221,75.404,10.24,4.5,mb,,116,1.836,0.8,us,usb000jirl,2013-11-15T03:20:25.000Z,"14 km NE of Batoti, India",earthquake,,2.8,0.156,,reviewed,us,us
2013-08-18T23:53:31.680Z,33.2183,75.8728,44.81,4.8,mb,,45,5.831,0.58,us,usb000j66f,2013-10-19T02:41:50.000Z,"14 km SE of Kishtw?r, India",earthquake,,6.4,0.055,,reviewed,us,us
2013-08-16T00:30:20.030Z,29.0997,69.4081,10.13,4.6,mb,,109,5.61,0.8,us,usb000j4i5,2013-10-19T02:41:44.000Z,"25 km ENE of Dera Bugti, Pakistan",earthquake,,1.9,0.112,,reviewed,us,us
2013-08-13T01:43:08.450Z,33.2348,68.1353,15.91,4.5,mb,,93,1.505,0.91,us,usb000j1vk,2013-10-19T02:41:41.000Z,"44 km SW of Ghazni, Afghanistan",earthquake,,4,0.074,,reviewed,us,us
2013-08-02T21:37:46.070Z,33.2967,75.9504,42.43,5.2,mb,,44,2.269,0.93,us,usb000iug2,2022-07-25T19:33:52.894Z,"17 km E of Kishtw?r, India",earthquake,,4.8,0.048,,reviewed,us,us
2013-08-02T02:32:47.770Z,33.2663,75.9377,14.12,5,mwb,,43,2.264,0.68,us,usb000itvz,2022-07-25T19:30:16.374Z,"16 km ESE of Kishtw?r, India",earthquake,,3.3,0.073,,reviewed,us,us
2013-07-29T14:53:34.090Z,24.6677,62.3725,25.56,4.5,mb,,129,3.706,0.92,us,usc000irpf,2015-06-22T20:11:50.599Z,"50 km S of Gwadar, Pakistan",earthquake,10.1,4.9,0.108,,reviewed,us,us
2013-07-09T13:49:18.870Z,32.765,78.197,49.9,5,mb,144,41,,0.99,us,usb000i9y4,2014-11-07T01:51:14.566Z,"111 km ENE of Man?li, India",earthquake,,2.9,,110,reviewed,us,us
2013-06-04T17:34:50.750Z,32.672,76.601,41.1,4.9,mb,165,45,,0.99,us,usb000hd78,2022-07-25T04:25:18.105Z,"41 km WNW of Kyelang, India",earthquake,,5.7,,149,reviewed,us,us
2013-05-14T20:03:36.620Z,33.087,75.709,48,4.7,mb,110,89,,0.98,us,us2013qec4,2014-11-07T01:50:48.345Z,"11 km N of Bhadarw?h, India",earthquake,,7.1,,80,reviewed,us,us
2013-05-14T20:00:07.770Z,33.101,75.727,61.7,4.7,mb,93,106,,1.18,us,usc000gwrb,2014-11-07T01:50:48.336Z,"13 km N of Bhadarw?h, India",earthquake,,3.7,,55,reviewed,us,us
2013-05-09T16:24:05.360Z,27.741,63.469,35.3,4.5,mb,72,105,,1.39,us,usc000grxx,2014-11-07T01:50:45.843Z,"156 km SW of Dalbandin, Pakistan",earthquake,,6.2,,51,reviewed,us,us
2013-05-01T09:19:45.930Z,33.001,75.764,10,4.6,mb,96,73,,0.82,us,usb000gjjv,2022-07-25T01:05:45.381Z,"4 km ENE of Bhadarw?h, India",earthquake,,2.8,,63,reviewed,us,us
2013-05-01T06:57:13.480Z,33.061,75.863,15,5.7,mww,137,25,,1.11,us,usb000gjhz,2022-07-25T01:04:28.396Z,"16 km ENE of Bhadarw?h, India",earthquake,,,,,reviewed,us,us
2013-04-30T15:05:27.460Z,28.436,62.05,48.2,4.6,mb,98,88.9,,1.11,us,us2013pqaz,2014-11-07T01:50:39.993Z,"85 km ENE of Kh?sh, Iran",earthquake,,7.3,,48,reviewed,us,us
2013-04-30T09:41:51.600Z,33.152,75.741,10,4.5,mb,97,80,,0.81,us,usb000gikz,2014-11-07T01:50:39.865Z,"18 km E of Doda, India",earthquake,,,,64,reviewed,us,us
2013-04-24T09:25:30.040Z,34.526,70.22,63.8,5.5,mww,303,20,,0.89,us,usb000geu9,2022-07-25T00:30:31.616Z,"16 km S of Mehtar L?m, Afghanistan",earthquake,,,,,reviewed,us,us
2013-04-20T15:37:18.000Z,28.04,62.26,30,4.7,mb,68,79.6,,,us,usb000gcne,2014-11-07T01:50:36.815Z,"104 km ESE of Kh?sh, Iran",earthquake,,,,36,reviewed,teh,us
2013-04-17T20:52:30.090Z,29.282,63.381,35.6,4.5,mb,92,96,,0.99,us,us2013pcb7,2014-11-07T01:50:35.406Z,"108 km WNW of Dalbandin, Pakistan",earthquake,,5.8,,48,reviewed,us,us
2013-04-17T04:53:24.590Z,28.076,62.586,80,4.8,mb,165,35.6,,,us,usb000g8tc,2022-05-03T17:26:12.458Z,"135 km E of Kh?sh, Iran",earthquake,,,,107,reviewed,teh,us
2013-04-17T03:15:52.400Z,28.114,62.354,56.2,5.6,mww,349,19,,1.12,us,usb000g8rt,2022-05-03T17:26:11.244Z,"112 km E of Kh?sh, Iran",earthquake,,3.6,,,reviewed,us,us
2013-04-16T20:43:17.900Z,27.871,61.92,85,4.7,mb,81,100,,,us,usb000g8ga,2022-07-24T23:44:46.378Z,"79 km ESE of Kh?sh, Iran",earthquake,,,,60,reviewed,teh,us
2013-04-16T19:14:53.290Z,27.936,61.838,80,4.6,mb,24,100,,,us,usb000g9dc,2014-11-07T01:50:34.722Z,"68 km ESE of Kh?sh, Iran",earthquake,,,,18,reviewed,teh,us
2013-04-16T10:44:20.180Z,28.033,61.996,80,7.7,mww,506,26.6,,1.09,us,usb000g7x7,2022-07-24T23:40:43.236Z,"79 km ESE of Kh?sh, Iran",earthquake,,,,,reviewed,us,us
2013-04-04T17:39:16.550Z,32.796,73.131,13.7,4.5,mb,24,111.2,,1.06,us,usp000k027,2014-11-07T01:50:30.467Z,"15 km ENE of Choa Saidan Shah, Pakistan",earthquake,,11.7,,3,reviewed,us,us
2013-02-26T20:12:13.550Z,29.194,67.554,10,4.7,mb,65,96.8,,1.15,us,usp000jzj7,2014-11-07T01:50:12.157Z,"31 km WNW of Bhag, Pakistan",earthquake,,,,26,reviewed,us,us
2013-02-14T03:43:17.720Z,30.054,68.063,15.6,4.5,mb,73,110.9,,1,us,usp000jzaq,2014-11-07T01:50:07.482Z,"13 km ESE of Harnai, Pakistan",earthquake,,15.3,,26,reviewed,us,us
2013-02-11T10:48:52.100Z,30.969,78.268,10,4.6,mb,105,84.6,,0.94,us,usc000f5fv,2022-07-24T17:54:13.828Z,"18 km NNE of Barkot, India",earthquake,,,,35,reviewed,us,us
2013-02-08T03:54:43.570Z,30.485,69.515,23.5,4.5,mb,54,96.7,,0.73,us,usc000f3qv,2014-11-07T01:50:04.140Z,"65 km N of Barkhan, Pakistan",earthquake,,12.7,,15,reviewed,us,us
2012-12-25T17:36:32.800Z,28.464,66.465,35,5,mb,169,56.8,,0.96,us,usp000jxd6,2014-11-07T01:49:39.651Z,"20 km E of Surab, Pakistan",earthquake,,,,108,reviewed,us,us
2012-11-19T22:38:01.320Z,30.398,67.457,9.3,4.5,mb,49,107.7,,0.78,us,usp000jvuv,2014-11-07T01:49:24.529Z,"11 km SSW of Alik Ghund, Pakistan",earthquake,,15.5,,14,reviewed,us,us
2012-11-19T17:58:08.800Z,30.492,67.566,11.6,4.8,mb,78,78.8,,1.07,us,usp000jvum,2014-11-07T01:49:24.507Z,"4 km E of Alik Ghund, Pakistan",earthquake,,21.2,,24,reviewed,us,us
2012-11-19T17:54:07.460Z,30.538,67.584,10,5.3,mb,147,54.9,,1.35,us,usp000jvuk,2022-05-03T15:58:57.424Z,"8 km NE of Alik Ghund, Pakistan",earthquake,,,,83,reviewed,us,us
2012-10-11T23:54:30.560Z,34.108,73.698,26,4.6,mb,87,86,,0.74,us,usp000jtvv,2014-11-07T01:49:04.652Z,"28 km NNW of Rawala Kot, Pakistan",earthquake,,6.9,,29,reviewed,us,us
2012-10-08T17:46:20.670Z,31.832,78.444,10,4.9,mb,61,51.3,,0.98,us,usp000jtrg,2022-05-03T15:51:41.767Z,"71 km ENE of Sar?han, India",earthquake,,,,16,reviewed,us,us
2012-10-02T08:34:54.360Z,32.471,76.632,10,4.8,mb,65,95.1,,1.15,us,usp000jtd8,2015-03-24T02:21:59.034Z,"38 km WSW of Kyelang, India",earthquake,,,,21,reviewed,us,us
2012-10-02T03:45:30.090Z,32.401,76.507,19.1,4.6,mb,49,145.5,,1.1,us,usp000jtcv,2014-11-07T01:49:00.595Z,"26 km NE of Dharamsala, India",earthquake,,26.7,,14,reviewed,us,us
2012-09-13T08:17:52.760Z,30.034,70.133,10,4.7,mb,65,48.7,,1.05,us,usp000js8x,2014-11-07T01:48:51.216Z,"48 km W of Dera Ghazi Khan, Pakistan",earthquake,,,,25,reviewed,us,us
2012-09-02T05:48:35.770Z,29.533,67.905,10,4.5,mb,75,53,,0.81,us,usp000jrg1,2014-11-07T01:48:45.477Z,"2 km ESE of Sibi, Pakistan",earthquake,,,,21,reviewed,us,us
2012-08-13T20:32:59.280Z,34.849,73.663,27.5,5.4,mb,320,29.5,,0.89,us,usp000jq94,2022-05-03T15:46:08.944Z,"55 km NNE of Muzaffar?b?d, Pakistan",earthquake,,7.6,,172,reviewed,us,us
2012-05-27T09:29:58.120Z,33.878,72.804,48.4,4.6,mb,40,145.1,,1.17,us,usp000jkzp,2014-11-07T01:47:53.871Z,"17 km SW of Haripur, Pakistan",earthquake,,7.7,,6,reviewed,us,us
2012-05-18T12:45:53.160Z,34.509,69.618,10,4.8,mb,95,90.7,,1.14,us,usp000jkjq,2015-03-24T01:52:56.049Z,"37 km N of ?uk?mat? Azrah, Afghanistan",earthquake,,,,43,reviewed,us,us
